,Quadratic probing probe mean, Quadratic probing throughput, RHH probe mean, RHH throughput
all keys,1.304111,33822611,1.451982,45167612
worst 50% keys,2.608222,19867036,2.433121,32000000
worst 20% keys,5.145224,10666541,3.431002,18861665
worst 10% keys,7.487442,7960643,3.909333,17382203
worst 5% keys,10.093651,5703858,4.491572,15316203
worst 1% keys,16.788029,3137599,5.504707,11275010
